{
  "project_info": {
    "project_number": "607017694251",
    "project_id": "lyfter-d09f1",
    "storage_bucket": "lyfter-d09f1.appspot.com"
  },
  "client": [
    {
      "client_info": {
        "mobilesdk_app_id": "1:607017694251:android:73c435d0c53607705f266e",
        "android_client_info": {
          "package_name": "com.example.lyfterproject"
        }
      },
      "oauth_client": [
        {
          "client_id": "607017694251-2e78l45gdkrq9bibna0nlevj8scbrbr2.apps.googleusercontent.com",
          "client_type": 1,
          "android_info": {
            "package_name": "com.example.lyfterproject",
            "certificate_hash": "84ba187add88591020026312303ac3b429aaa0ac"
          }
        },
        {
          "client_id": "607017694251-c1uvp1t1lmilh9bcpj71cm25f12898an.apps.googleusercontent.com",
          "client_type": 3
        }
      ],
      "api_key": [
        {
          "current_key": "AIzaSyDnhQQs2HVab4DTLchWt9d1tjDTxYNAtCA"
        }
      ],
      "services": {
        "appinvite_service": {
          "other_platform_oauth_client": [
            {
              "client_id": "607017694251-c1uvp1t1lmilh9bcpj71cm25f12898an.apps.googleusercontent.com",
              "client_type": 3
            }
          ]
        }
      }
    }
  ],
  "configuration_version": "1"
}